rank,uid,title,year,venue,url,problem_claimed,actual_mechanism,hidden_assumptions,variables_treated_as_fixed,failure_modes_ignored,what_it_makes_less_novel,what_it_leaves_open
1,doi:10.1109/robot.2009.5152268,Safe robot arm with safe joint mechanism using nonlinear spring system for collision safety,2009,,https://doi.org/10.1109/robot.2009.5152268,Addresses safe robot learning or a neighboring robotics mechanism.,"Prior work usually predicts, ranks, filters, or imitates observed behavior rather than preserving unrealized branches.",The observed outcome is enough to supervise the model.,"Contact mode support, embodiment limits, and deployment perturbations.","Branch collapse, hidden-mode shift, and tail-risk planning failures.",Generic world models and generic uncertainty are crowded.,Safety filter novelty boundaries keeps action-critical alternatives explicit until a physical observation collapses them.
2,doi:10.1109/robot.2010.5509492,Safe joint mechanism using inclined link with springs for collision safety and positioning accuracy of a robot arm,2010,,https://doi.org/10.1109/robot.2010.5509492,Addresses safe robot learning or a neighboring robotics mechanism.,"Prior work usually predicts, ranks, filters, or imitates observed behavior rather than preserving unrealized branches.",The observed outcome is enough to supervise the model.,"Contact mode support, embodiment limits, and deployment perturbations.","Branch collapse, hidden-mode shift, and tail-risk planning failures.",Generic world models and generic uncertainty are crowded.,Safety filter novelty boundaries keeps action-critical alternatives explicit until a physical observation collapses them.
3,doi:10.1609/aaai.v33i01.33013387,End-to-End Safe Reinforcement Learning through Barrier Functions for Safety-Critical Continuous Control Tasks,2019,Proceedings of the AAAI Conference on Artificial Intelligence,https://doi.org/10.1609/aaai.v33i01.33013387,Addresses safe robot learning or a neighboring robotics mechanism.,"Prior work usually predicts, ranks, filters, or imitates observed behavior rather than preserving unrealized branches.",The observed outcome is enough to supervise the model.,"Contact mode support, embodiment limits, and deployment perturbations.","Branch collapse, hidden-mode shift, and tail-risk planning failures.",Generic world models and generic uncertainty are crowded.,Safety filter novelty boundaries keeps action-critical alternatives explicit until a physical observation collapses them.
4,doi:10.3389/fnbot.2025.1697518,Transformer-based human-motion forecasting coupled with safe reinforcement learning for telepresence robot co-navigation,2026,Frontiers in Neurorobotics,https://doi.org/10.3389/fnbot.2025.1697518,Addresses safe robot learning or a neighboring robotics mechanism.,"Prior work usually predicts, ranks, filters, or imitates observed behavior rather than preserving unrealized branches.",The observed outcome is enough to supervise the model.,"Contact mode support, embodiment limits, and deployment perturbations.","Branch collapse, hidden-mode shift, and tail-risk planning failures.",Generic world models and generic uncertainty are crowded.,Safety filter novelty boundaries keeps action-critical alternatives explicit until a physical observation collapses them.
5,doi:10.1016/j.ins.2024.121567,Safe robust multi-agent reinforcement learning with neural control barrier functions and safety attention mechanism,2025,Information Sciences,https://doi.org/10.1016/j.ins.2024.121567,Addresses safe robot learning or a neighboring robotics mechanism.,"Prior work usually predicts, ranks, filters, or imitates observed behavior rather than preserving unrealized branches.",The observed outcome is enough to supervise the model.,"Contact mode support, embodiment limits, and deployment perturbations.","Branch collapse, hidden-mode shift, and tail-risk planning failures.",Generic world models and generic uncertainty are crowded.,Safety filter novelty boundaries keeps action-critical alternatives explicit until a physical observation collapses them.
6,doi:10.1016/j.isatra.2025.04.024,Safe prescribed time controller for wheeled mobile robots by using control barrier functions as a safety filter,2025,ISA Transactions,https://doi.org/10.1016/j.isatra.2025.04.024,Addresses safe robot learning or a neighboring robotics mechanism.,"Prior work usually predicts, ranks, filters, or imitates observed behavior rather than preserving unrealized branches.",The observed outcome is enough to supervise the model.,"Contact mode support, embodiment limits, and deployment perturbations.","Branch collapse, hidden-mode shift, and tail-risk planning failures.",Generic world models and generic uncertainty are crowded.,Safety filter novelty boundaries keeps action-critical alternatives explicit until a physical observation collapses them.
7,arxiv:2212.02941v3,Safe Imitation Learning of Nonlinear Model Predictive Control for Flexible Robots,2022,arXiv,http://arxiv.org/abs/2212.02941v3,Addresses safe robot learning or a neighboring robotics mechanism.,"Prior work usually predicts, ranks, filters, or imitates observed behavior rather than preserving unrealized branches.",The observed outcome is enough to supervise the model.,"Contact mode support, embodiment limits, and deployment perturbations.","Branch collapse, hidden-mode shift, and tail-risk planning failures.",Generic world models and generic uncertainty are crowded.,Safety filter novelty boundaries keeps action-critical alternatives explicit until a physical observation collapses them.
8,doi:10.1146/annurev-control-042920-020211,Safe Learning in Robotics: From Learning-Based Control to Safe Reinforcement Learning,2022,"Annual Review of Control, Robotics, and Autonomous Systems",https://doi.org/10.1146/annurev-control-042920-020211,Addresses safe robot learning or a neighboring robotics mechanism.,"Prior work usually predicts, ranks, filters, or imitates observed behavior rather than preserving unrealized branches.",The observed outcome is enough to supervise the model.,"Contact mode support, embodiment limits, and deployment perturbations.","Branch collapse, hidden-mode shift, and tail-risk planning failures.",Generic world models and generic uncertainty are crowded.,Safety filter novelty boundaries keeps action-critical alternatives explicit until a physical observation collapses them.
9,doi:10.3390/math14030516,Probabilistic Safety Guarantees for Learned Control Barrier Functions: Theory and Application to Multi-Objective Human–Robot Collaborative Optimization,2026,Mathematics,https://doi.org/10.3390/math14030516,Addresses safe robot learning or a neighboring robotics mechanism.,"Prior work usually predicts, ranks, filters, or imitates observed behavior rather than preserving unrealized branches.",The observed outcome is enough to supervise the model.,"Contact mode support, embodiment limits, and deployment perturbations.","Branch collapse, hidden-mode shift, and tail-risk planning failures.",Generic world models and generic uncertainty are crowded.,Safety filter novelty boundaries keeps action-critical alternatives explicit until a physical observation collapses them.
10,arxiv:2309.05837v1,The Safety Filter: A Unified View of Safety-Critical Control in Autonomous Systems,2023,arXiv,http://arxiv.org/abs/2309.05837v1,Addresses safe robot learning or a neighboring robotics mechanism.,"Prior work usually predicts, ranks, filters, or imitates observed behavior rather than preserving unrealized branches.",The observed outcome is enough to supervise the model.,"Contact mode support, embodiment limits, and deployment perturbations.","Branch collapse, hidden-mode shift, and tail-risk planning failures.",Generic world models and generic uncertainty are crowded.,Safety filter novelty boundaries keeps action-critical alternatives explicit until a physical observation collapses them.
11,doi:10.31763/ijrcs.v5i4.2228,A Delta-Smoothed Path Algorithm: An Improved A* Algorithm for Optimal and Safe Trajectory Planning,2025,International Journal of Robotics and Control Systems,https://doi.org/10.31763/ijrcs.v5i4.2228,Addresses safe robot learning or a neighboring robotics mechanism.,"Prior work usually predicts, ranks, filters, or imitates observed behavior rather than preserving unrealized branches.",The observed outcome is enough to supervise the model.,"Contact mode support, embodiment limits, and deployment perturbations.","Branch collapse, hidden-mode shift, and tail-risk planning failures.",Generic world models and generic uncertainty are crowded.,Safety filter novelty boundaries keeps action-critical alternatives explicit until a physical observation collapses them.
12,doi:10.31763/ijrcs.v6i1.2312,Safe Periodic Tracking via a Repetitive Controller with Control Barrier Function Constraints: A Servomotor Simulation Study,2025,International Journal of Robotics and Control Systems,https://doi.org/10.31763/ijrcs.v6i1.2312,Addresses safe robot learning or a neighboring robotics mechanism.,"Prior work usually predicts, ranks, filters, or imitates observed behavior rather than preserving unrealized branches.",The observed outcome is enough to supervise the model.,"Contact mode support, embodiment limits, and deployment perturbations.","Branch collapse, hidden-mode shift, and tail-risk planning failures.",Generic world models and generic uncertainty are crowded.,Safety filter novelty boundaries keeps action-critical alternatives explicit until a physical observation collapses them.
13,doi:10.3390/robotics14080108,"Safe Autonomous UAV Target-Tracking Under External Disturbance, Through Learned Control Barrier Functions",2025,Robotics,https://doi.org/10.3390/robotics14080108,Addresses safe robot learning or a neighboring robotics mechanism.,"Prior work usually predicts, ranks, filters, or imitates observed behavior rather than preserving unrealized branches.",The observed outcome is enough to supervise the model.,"Contact mode support, embodiment limits, and deployment perturbations.","Branch collapse, hidden-mode shift, and tail-risk planning failures.",Generic world models and generic uncertainty are crowded.,Safety filter novelty boundaries keeps action-critical alternatives explicit until a physical observation collapses them.
14,doi:10.1109/robot.2008.4543529,Safe joint mechanism based on nonlinear stiffness for safe human-robot collision,2008,,https://doi.org/10.1109/robot.2008.4543529,Addresses safe robot learning or a neighboring robotics mechanism.,"Prior work usually predicts, ranks, filters, or imitates observed behavior rather than preserving unrealized branches.",The observed outcome is enough to supervise the model.,"Contact mode support, embodiment limits, and deployment perturbations.","Branch collapse, hidden-mode shift, and tail-risk planning failures.",Generic world models and generic uncertainty are crowded.,Safety filter novelty boundaries keeps action-critical alternatives explicit until a physical observation collapses them.
15,doi:10.1109/robot.2007.363140,Safe Link Mechanism based on Passive Compliance for Safe Human-Robot Collision,2007,Proceedings - IEEE International Conference on Robotics and Automation/Proceedings,https://doi.org/10.1109/robot.2007.363140,Addresses safe robot learning or a neighboring robotics mechanism.,"Prior work usually predicts, ranks, filters, or imitates observed behavior rather than preserving unrealized branches.",The observed outcome is enough to supervise the model.,"Contact mode support, embodiment limits, and deployment perturbations.","Branch collapse, hidden-mode shift, and tail-risk planning failures.",Generic world models and generic uncertainty are crowded.,Safety filter novelty boundaries keeps action-critical alternatives explicit until a physical observation collapses them.
16,doi:10.2139/ssrn.6876397,Multi-Module Collaborative YOLO for Slender Object Detection: A Systematic failure mechanism analysis of failure of model improvements and Applicability Boundaries,,,https://doi.org/10.2139/ssrn.6876397,Addresses safe robot learning or a neighboring robotics mechanism.,"Prior work usually predicts, ranks, filters, or imitates observed behavior rather than preserving unrealized branches.",The observed outcome is enough to supervise the model.,"Contact mode support, embodiment limits, and deployment perturbations.","Branch collapse, hidden-mode shift, and tail-risk planning failures.",Generic world models and generic uncertainty are crowded.,Safety filter novelty boundaries keeps action-critical alternatives explicit until a physical observation collapses them.
17,doi:10.1088/2631-8695/ae4b0c,An enhanced beluga whale optimization algorithm incorporating cauchy mutation based on swarm-elite learning mechanism and quadratic interpolation strategy for mobile robot path planning,2026,Engineering Research Express,https://doi.org/10.1088/2631-8695/ae4b0c,Addresses safe robot learning or a neighboring robotics mechanism.,"Prior work usually predicts, ranks, filters, or imitates observed behavior rather than preserving unrealized branches.",The observed outcome is enough to supervise the model.,"Contact mode support, embodiment limits, and deployment perturbations.","Branch collapse, hidden-mode shift, and tail-risk planning failures.",Generic world models and generic uncertainty are crowded.,Safety filter novelty boundaries keeps action-critical alternatives explicit until a physical observation collapses them.
18,arxiv:2606.02562v1,Permissive Safety Through Trusted Inference: Verifiable Belief-Space Neural Safety Filters for Assured Interactive Robotics,2026,arXiv,http://arxiv.org/abs/2606.02562v1,Addresses safe robot learning or a neighboring robotics mechanism.,"Prior work usually predicts, ranks, filters, or imitates observed behavior rather than preserving unrealized branches.",The observed outcome is enough to supervise the model.,"Contact mode support, embodiment limits, and deployment perturbations.","Branch collapse, hidden-mode shift, and tail-risk planning failures.",Generic world models and generic uncertainty are crowded.,Safety filter novelty boundaries keeps action-critical alternatives explicit until a physical observation collapses them.
19,arxiv:2604.11174v1,"EmbodiedGovBench: A Benchmark for Governance, Recovery, and Upgrade Safety in Embodied Agent Systems",2026,arXiv,http://arxiv.org/abs/2604.11174v1,Addresses safe robot learning or a neighboring robotics mechanism.,"Prior work usually predicts, ranks, filters, or imitates observed behavior rather than preserving unrealized branches.",The observed outcome is enough to supervise the model.,"Contact mode support, embodiment limits, and deployment perturbations.","Branch collapse, hidden-mode shift, and tail-risk planning failures.",Generic world models and generic uncertainty are crowded.,Safety filter novelty boundaries keeps action-critical alternatives explicit until a physical observation collapses them.
20,doi:10.1115/1.4001666,A Nonlinear Stiffness Safe Joint Mechanism Design for Human Robot Interaction,2010,Journal of Mechanical Design,https://doi.org/10.1115/1.4001666,Addresses safe robot learning or a neighboring robotics mechanism.,"Prior work usually predicts, ranks, filters, or imitates observed behavior rather than preserving unrealized branches.",The observed outcome is enough to supervise the model.,"Contact mode support, embodiment limits, and deployment perturbations.","Branch collapse, hidden-mode shift, and tail-risk planning failures.",Generic world models and generic uncertainty are crowded.,Safety filter novelty boundaries keeps action-critical alternatives explicit until a physical observation collapses them.
21,doi:10.1186/s10033-025-01216-8,"Fast, Safe and Robust Motion Planning for Autonomous Vehicles Based on Robust Control Invariant Tubes",2025,Chinese Journal of Mechanical Engineering,https://doi.org/10.1186/s10033-025-01216-8,Addresses safe robot learning or a neighboring robotics mechanism.,"Prior work usually predicts, ranks, filters, or imitates observed behavior rather than preserving unrealized branches.",The observed outcome is enough to supervise the model.,"Contact mode support, embodiment limits, and deployment perturbations.","Branch collapse, hidden-mode shift, and tail-risk planning failures.",Generic world models and generic uncertainty are crowded.,Safety filter novelty boundaries keeps action-critical alternatives explicit until a physical observation collapses them.
22,arxiv:2004.05273v2,Safe Multi-Agent Interaction through Robust Control Barrier Functions with Learned Uncertainties,2020,arXiv,http://arxiv.org/abs/2004.05273v2,Addresses safe robot learning or a neighboring robotics mechanism.,"Prior work usually predicts, ranks, filters, or imitates observed behavior rather than preserving unrealized branches.",The observed outcome is enough to supervise the model.,"Contact mode support, embodiment limits, and deployment perturbations.","Branch collapse, hidden-mode shift, and tail-risk planning failures.",Generic world models and generic uncertainty are crowded.,Safety filter novelty boundaries keeps action-critical alternatives explicit until a physical observation collapses them.
23,arxiv:2411.07833v2,Robust Adaptive Safe Robotic Grasping with Tactile Sensing,2024,arXiv,http://arxiv.org/abs/2411.07833v2,Addresses safe robot learning or a neighboring robotics mechanism.,"Prior work usually predicts, ranks, filters, or imitates observed behavior rather than preserving unrealized branches.",The observed outcome is enough to supervise the model.,"Contact mode support, embodiment limits, and deployment perturbations.","Branch collapse, hidden-mode shift, and tail-risk planning failures.",Generic world models and generic uncertainty are crowded.,Safety filter novelty boundaries keeps action-critical alternatives explicit until a physical observation collapses them.
24,doi:10.18196/jrc.v6i6.27770,Safe and Efficient Mobile Robot Navigation using Sampling-based Optimal Control with Barrier Function Constraints,2025,Journal of Robotics and Control (JRC),https://doi.org/10.18196/jrc.v6i6.27770,Addresses safe robot learning or a neighboring robotics mechanism.,"Prior work usually predicts, ranks, filters, or imitates observed behavior rather than preserving unrealized branches.",The observed outcome is enough to supervise the model.,"Contact mode support, embodiment limits, and deployment perturbations.","Branch collapse, hidden-mode shift, and tail-risk planning failures.",Generic world models and generic uncertainty are crowded.,Safety filter novelty boundaries keeps action-critical alternatives explicit until a physical observation collapses them.
25,doi:10.18280/mmep.090131,Motion Planning Solution with Constraints Based on Minimum Distance Model for Lane Change Problem of Autonomous Vehicles,2022,Mathematical Modelling of Engineering Problems,https://doi.org/10.18280/mmep.090131,Addresses safe robot learning or a neighboring robotics mechanism.,"Prior work usually predicts, ranks, filters, or imitates observed behavior rather than preserving unrealized branches.",The observed outcome is enough to supervise the model.,"Contact mode support, embodiment limits, and deployment perturbations.","Branch collapse, hidden-mode shift, and tail-risk planning failures.",Generic world models and generic uncertainty are crowded.,Safety filter novelty boundaries keeps action-critical alternatives explicit until a physical observation collapses them.
26,doi:10.1177/0278364911430420,Safe distributed motion coordination for second-order systems with different planning cycles,2012,The International Journal of Robotics Research,https://doi.org/10.1177/0278364911430420,Addresses safe robot learning or a neighboring robotics mechanism.,"Prior work usually predicts, ranks, filters, or imitates observed behavior rather than preserving unrealized branches.",The observed outcome is enough to supervise the model.,"Contact mode support, embodiment limits, and deployment perturbations.","Branch collapse, hidden-mode shift, and tail-risk planning failures.",Generic world models and generic uncertainty are crowded.,Safety filter novelty boundaries keeps action-critical alternatives explicit until a physical observation collapses them.
27,doi:10.1201/9780429319778-244,Seismic failure mechanism and safety evaluation of high arch dam-foundation system under MCE,2019,Sustainable and Safe Dams Around the World,https://doi.org/10.1201/9780429319778-244,Addresses safe robot learning or a neighboring robotics mechanism.,"Prior work usually predicts, ranks, filters, or imitates observed behavior rather than preserving unrealized branches.",The observed outcome is enough to supervise the model.,"Contact mode support, embodiment limits, and deployment perturbations.","Branch collapse, hidden-mode shift, and tail-risk planning failures.",Generic world models and generic uncertainty are crowded.,Safety filter novelty boundaries keeps action-critical alternatives explicit until a physical observation collapses them.
28,doi:10.21203/rs.3.rs-9082476/v1,Systematic evaluation of single-cell foundation model interpretability reveals attention captures co-expression rather than unique regulatory signal,,,https://doi.org/10.21203/rs.3.rs-9082476/v1,Addresses safe robot learning or a neighboring robotics mechanism.,"Prior work usually predicts, ranks, filters, or imitates observed behavior rather than preserving unrealized branches.",The observed outcome is enough to supervise the model.,"Contact mode support, embodiment limits, and deployment perturbations.","Branch collapse, hidden-mode shift, and tail-risk planning failures.",Generic world models and generic uncertainty are crowded.,Safety filter novelty boundaries keeps action-critical alternatives explicit until a physical observation collapses them.
29,doi:10.5220/0011958000003479,When Is an Automated Driving System Safe Enough for Deployment on the Public Road? Quantifying Safety Risk Using Real-World Scenarios,2023,Proceedings of the 9th International Conference on Vehicle Technology and Intelligent Transport Systems,https://doi.org/10.5220/0011958000003479,Addresses safe robot learning or a neighboring robotics mechanism.,"Prior work usually predicts, ranks, filters, or imitates observed behavior rather than preserving unrealized branches.",The observed outcome is enough to supervise the model.,"Contact mode support, embodiment limits, and deployment perturbations.","Branch collapse, hidden-mode shift, and tail-risk planning failures.",Generic world models and generic uncertainty are crowded.,Safety filter novelty boundaries keeps action-critical alternatives explicit until a physical observation collapses them.
30,arxiv:2505.10547v2,Real-Time Out-of-Distribution Failure Prevention via Multi-Modal Reasoning,2025,arXiv,http://arxiv.org/abs/2505.10547v2,Addresses safe robot learning or a neighboring robotics mechanism.,"Prior work usually predicts, ranks, filters, or imitates observed behavior rather than preserving unrealized branches.",The observed outcome is enough to supervise the model.,"Contact mode support, embodiment limits, and deployment perturbations.","Branch collapse, hidden-mode shift, and tail-risk planning failures.",Generic world models and generic uncertainty are crowded.,Safety filter novelty boundaries keeps action-critical alternatives explicit until a physical observation collapses them.
31,arxiv:2602.17659v1,When Vision Overrides Language: Evaluating and Mitigating Counterfactual Failures in VLAs,2026,arXiv,http://arxiv.org/abs/2602.17659v1,Addresses safe robot learning or a neighboring robotics mechanism.,"Prior work usually predicts, ranks, filters, or imitates observed behavior rather than preserving unrealized branches.",The observed outcome is enough to supervise the model.,"Contact mode support, embodiment limits, and deployment perturbations.","Branch collapse, hidden-mode shift, and tail-risk planning failures.",Generic world models and generic uncertainty are crowded.,Safety filter novelty boundaries keeps action-critical alternatives explicit until a physical observation collapses them.
32,doi:10.62311/nesx/rb-978-81-998923-7-8,Reinforcement Learning–Based Autonomous Control Systems for Safe and Stable Chemical Processing Plants,2026,,https://doi.org/10.62311/nesx/rb-978-81-998923-7-8,Addresses safe robot learning or a neighboring robotics mechanism.,"Prior work usually predicts, ranks, filters, or imitates observed behavior rather than preserving unrealized branches.",The observed outcome is enough to supervise the model.,"Contact mode support, embodiment limits, and deployment perturbations.","Branch collapse, hidden-mode shift, and tail-risk planning failures.",Generic world models and generic uncertainty are crowded.,Safety filter novelty boundaries keeps action-critical alternatives explicit until a physical observation collapses them.
33,doi:10.56738/issn29603986.geo2026.7.180,A Calibrated Three-Tiered Risk Classifier for User Prompts in Large Language Model Content Moderation,2026,GEO ACADEMIC JOURNAL,https://doi.org/10.56738/issn29603986.geo2026.7.180,Addresses safe robot learning or a neighboring robotics mechanism.,"Prior work usually predicts, ranks, filters, or imitates observed behavior rather than preserving unrealized branches.",The observed outcome is enough to supervise the model.,"Contact mode support, embodiment limits, and deployment perturbations.","Branch collapse, hidden-mode shift, and tail-risk planning failures.",Generic world models and generic uncertainty are crowded.,Safety filter novelty boundaries keeps action-critical alternatives explicit until a physical observation collapses them.
34,doi:10.1002/oca.3047,Stochastic optimal control for autonomous driving applications via polynomial chaos expansions,2024,Optimal Control Applications and Methods,https://doi.org/10.1002/oca.3047,Addresses safe robot learning or a neighboring robotics mechanism.,"Prior work usually predicts, ranks, filters, or imitates observed behavior rather than preserving unrealized branches.",The observed outcome is enough to supervise the model.,"Contact mode support, embodiment limits, and deployment perturbations.","Branch collapse, hidden-mode shift, and tail-risk planning failures.",Generic world models and generic uncertainty are crowded.,Safety filter novelty boundaries keeps action-critical alternatives explicit until a physical observation collapses them.
35,doi:10.48550/arxiv.2301.12012,In-Distribution Barrier Functions: Self-Supervised Policy Filters that Avoid Out-of-Distribution States,2023,arXiv (Cornell University),https://doi.org/10.48550/arxiv.2301.12012,Addresses safe robot learning or a neighboring robotics mechanism.,"Prior work usually predicts, ranks, filters, or imitates observed behavior rather than preserving unrealized branches.",The observed outcome is enough to supervise the model.,"Contact mode support, embodiment limits, and deployment perturbations.","Branch collapse, hidden-mode shift, and tail-risk planning failures.",Generic world models and generic uncertainty are crowded.,Safety filter novelty boundaries keeps action-critical alternatives explicit until a physical observation collapses them.
36,doi:10.1109/lra.2022.3174363,Towards a Snake-Like Flexible Robot With Variable Stiffness Using an SMA Spring-Based Friction Change Mechanism,2022,IEEE Robotics and Automation Letters,https://doi.org/10.1109/lra.2022.3174363,Addresses safe robot learning or a neighboring robotics mechanism.,"Prior work usually predicts, ranks, filters, or imitates observed behavior rather than preserving unrealized branches.",The observed outcome is enough to supervise the model.,"Contact mode support, embodiment limits, and deployment perturbations.","Branch collapse, hidden-mode shift, and tail-risk planning failures.",Generic world models and generic uncertainty are crowded.,Safety filter novelty boundaries keeps action-critical alternatives explicit until a physical observation collapses them.
37,doi:10.1002/rob.20396,Anytime online novelty and change detection for mobile robots,2011,Journal of Field Robotics,https://doi.org/10.1002/rob.20396,Addresses safe robot learning or a neighboring robotics mechanism.,"Prior work usually predicts, ranks, filters, or imitates observed behavior rather than preserving unrealized branches.",The observed outcome is enough to supervise the model.,"Contact mode support, embodiment limits, and deployment perturbations.","Branch collapse, hidden-mode shift, and tail-risk planning failures.",Generic world models and generic uncertainty are crowded.,Safety filter novelty boundaries keeps action-critical alternatives explicit until a physical observation collapses them.
38,doi:10.1523/jneurosci.2125-20.2021,Did We Get Sensorimotor Adaptation Wrong? Implicit Adaptation as Direct Policy Updating Rather than Forward-Model-Based Learning,2021,The Journal of Neuroscience,https://doi.org/10.1523/jneurosci.2125-20.2021,Addresses safe robot learning or a neighboring robotics mechanism.,"Prior work usually predicts, ranks, filters, or imitates observed behavior rather than preserving unrealized branches.",The observed outcome is enough to supervise the model.,"Contact mode support, embodiment limits, and deployment perturbations.","Branch collapse, hidden-mode shift, and tail-risk planning failures.",Generic world models and generic uncertainty are crowded.,Safety filter novelty boundaries keeps action-critical alternatives explicit until a physical observation collapses them.
39,arxiv:2603.20985v1,Consistent but Dangerous: Per-Sample Safety Classification Reveals False Reliability in Medical Vision-Language Models,2026,arXiv,http://arxiv.org/abs/2603.20985v1,Addresses safe robot learning or a neighboring robotics mechanism.,"Prior work usually predicts, ranks, filters, or imitates observed behavior rather than preserving unrealized branches.",The observed outcome is enough to supervise the model.,"Contact mode support, embodiment limits, and deployment perturbations.","Branch collapse, hidden-mode shift, and tail-risk planning failures.",Generic world models and generic uncertainty are crowded.,Safety filter novelty boundaries keeps action-critical alternatives explicit until a physical observation collapses them.
40,doi:10.1016/j.birob.2024.100173,Embodying rather than encoding: Towards developing a source-filter theory for undulation gait generation,2024,Biomimetic Intelligence and Robotics,https://doi.org/10.1016/j.birob.2024.100173,Addresses safe robot learning or a neighboring robotics mechanism.,"Prior work usually predicts, ranks, filters, or imitates observed behavior rather than preserving unrealized branches.",The observed outcome is enough to supervise the model.,"Contact mode support, embodiment limits, and deployment perturbations.","Branch collapse, hidden-mode shift, and tail-risk planning failures.",Generic world models and generic uncertainty are crowded.,Safety filter novelty boundaries keeps action-critical alternatives explicit until a physical observation collapses them.
41,doi:10.1109/access.2021.3105587,Design and Control of a Discrete Variable Stiffness Actuator With Instant Stiffness Switch for Safe Human-Robot Interaction,2021,IEEE Access,https://doi.org/10.1109/access.2021.3105587,Addresses safe robot learning or a neighboring robotics mechanism.,"Prior work usually predicts, ranks, filters, or imitates observed behavior rather than preserving unrealized branches.",The observed outcome is enough to supervise the model.,"Contact mode support, embodiment limits, and deployment perturbations.","Branch collapse, hidden-mode shift, and tail-risk planning failures.",Generic world models and generic uncertainty are crowded.,Safety filter novelty boundaries keeps action-critical alternatives explicit until a physical observation collapses them.
42,doi:10.3389/frobt.2026.1772005,Integrating foundation models with change detection to identify tasking for service robots,2026,Frontiers in Robotics and AI,https://doi.org/10.3389/frobt.2026.1772005,Addresses safe robot learning or a neighboring robotics mechanism.,"Prior work usually predicts, ranks, filters, or imitates observed behavior rather than preserving unrealized branches.",The observed outcome is enough to supervise the model.,"Contact mode support, embodiment limits, and deployment perturbations.","Branch collapse, hidden-mode shift, and tail-risk planning failures.",Generic world models and generic uncertainty are crowded.,Safety filter novelty boundaries keeps action-critical alternatives explicit until a physical observation collapses them.
43,doi:10.1016/j.jprocont.2024.103329,Model-predictive fault-tolerant control of safety-critical processes based on dynamic safe set,2024,Journal of Process Control,https://doi.org/10.1016/j.jprocont.2024.103329,Addresses safe robot learning or a neighboring robotics mechanism.,"Prior work usually predicts, ranks, filters, or imitates observed behavior rather than preserving unrealized branches.",The observed outcome is enough to supervise the model.,"Contact mode support, embodiment limits, and deployment perturbations.","Branch collapse, hidden-mode shift, and tail-risk planning failures.",Generic world models and generic uncertainty are crowded.,Safety filter novelty boundaries keeps action-critical alternatives explicit until a physical observation collapses them.
44,doi:10.1109/tim.2023.3239925,A Novel Ultrasound Robot With Force/Torque Measurement and Control for Safe and Efficient Scanning,2023,IEEE Transactions on Instrumentation and Measurement,https://doi.org/10.1109/tim.2023.3239925,Addresses safe robot learning or a neighboring robotics mechanism.,"Prior work usually predicts, ranks, filters, or imitates observed behavior rather than preserving unrealized branches.",The observed outcome is enough to supervise the model.,"Contact mode support, embodiment limits, and deployment perturbations.","Branch collapse, hidden-mode shift, and tail-risk planning failures.",Generic world models and generic uncertainty are crowded.,Safety filter novelty boundaries keeps action-critical alternatives explicit until a physical observation collapses them.
45,doi:10.2139/ssrn.6770199,Human–Machine Shared Control Optimization base on Model Predictive Control Safety Layer and Deep Reinforcement Learning for Unknown Environments,,,https://doi.org/10.2139/ssrn.6770199,Addresses safe robot learning or a neighboring robotics mechanism.,"Prior work usually predicts, ranks, filters, or imitates observed behavior rather than preserving unrealized branches.",The observed outcome is enough to supervise the model.,"Contact mode support, embodiment limits, and deployment perturbations.","Branch collapse, hidden-mode shift, and tail-risk planning failures.",Generic world models and generic uncertainty are crowded.,Safety filter novelty boundaries keeps action-critical alternatives explicit until a physical observation collapses them.
46,arxiv:2605.25546v1,Safety-Critical Whole-Body Control for Humanoid Robots via Input-to-State Safe Control Barrier Functions,2026,arXiv,http://arxiv.org/abs/2605.25546v1,Addresses safe robot learning or a neighboring robotics mechanism.,"Prior work usually predicts, ranks, filters, or imitates observed behavior rather than preserving unrealized branches.",The observed outcome is enough to supervise the model.,"Contact mode support, embodiment limits, and deployment perturbations.","Branch collapse, hidden-mode shift, and tail-risk planning failures.",Generic world models and generic uncertainty are crowded.,Safety filter novelty boundaries keeps action-critical alternatives explicit until a physical observation collapses them.
47,doi:10.1088/1742-6596/2449/1/012012,Smooth Transition of Safety Controllers Filtered by Control Barrier Functions,2023,Journal of Physics: Conference Series,https://doi.org/10.1088/1742-6596/2449/1/012012,Addresses safe robot learning or a neighboring robotics mechanism.,"Prior work usually predicts, ranks, filters, or imitates observed behavior rather than preserving unrealized branches.",The observed outcome is enough to supervise the model.,"Contact mode support, embodiment limits, and deployment perturbations.","Branch collapse, hidden-mode shift, and tail-risk planning failures.",Generic world models and generic uncertainty are crowded.,Safety filter novelty boundaries keeps action-critical alternatives explicit until a physical observation collapses them.
48,doi:10.1109/mcs.2023.3291885,"Data-Driven Safety Filters: Hamilton-Jacobi Reachability, Control Barrier Functions, and Predictive Methods for Uncertain Systems",2023,IEEE Control Systems,https://doi.org/10.1109/mcs.2023.3291885,Addresses safe robot learning or a neighboring robotics mechanism.,"Prior work usually predicts, ranks, filters, or imitates observed behavior rather than preserving unrealized branches.",The observed outcome is enough to supervise the model.,"Contact mode support, embodiment limits, and deployment perturbations.","Branch collapse, hidden-mode shift, and tail-risk planning failures.",Generic world models and generic uncertainty are crowded.,Safety filter novelty boundaries keeps action-critical alternatives explicit until a physical observation collapses them.
49,doi:10.1007/978-3-031-21090-7_21,Safe Output Feedback Motion Planning from Images via Learned Perception Modules and Contraction Theory,2023,Springer Proceedings in Advanced Robotics Algorithmic Foundations of Robotics XV,https://doi.org/10.1007/978-3-031-21090-7_21,Addresses safe robot learning or a neighboring robotics mechanism.,"Prior work usually predicts, ranks, filters, or imitates observed behavior rather than preserving unrealized branches.",The observed outcome is enough to supervise the model.,"Contact mode support, embodiment limits, and deployment perturbations.","Branch collapse, hidden-mode shift, and tail-risk planning failures.",Generic world models and generic uncertainty are crowded.,Safety filter novelty boundaries keeps action-critical alternatives explicit until a physical observation collapses them.
50,doi:10.3390/agronomy15010190,Organic Fertilization Leads to N Limitation Rather than P Limitation in Both Vegetable Soils,2025,Agronomy,https://doi.org/10.3390/agronomy15010190,Addresses safe robot learning or a neighboring robotics mechanism.,"Prior work usually predicts, ranks, filters, or imitates observed behavior rather than preserving unrealized branches.",The observed outcome is enough to supervise the model.,"Contact mode support, embodiment limits, and deployment perturbations.","Branch collapse, hidden-mode shift, and tail-risk planning failures.",Generic world models and generic uncertainty are crowded.,Safety filter novelty boundaries keeps action-critical alternatives explicit until a physical observation collapses them.
51,doi:10.2139/ssrn.6095088,SORT-AI: A Structural Safety and Reliability Framework for Advanced AI Systems with Retrieval-Augmented Generation as a Diagnostic Testbed,,,https://doi.org/10.2139/ssrn.6095088,Addresses safe robot learning or a neighboring robotics mechanism.,"Prior work usually predicts, ranks, filters, or imitates observed behavior rather than preserving unrealized branches.",The observed outcome is enough to supervise the model.,"Contact mode support, embodiment limits, and deployment perturbations.","Branch collapse, hidden-mode shift, and tail-risk planning failures.",Generic world models and generic uncertainty are crowded.,Safety filter novelty boundaries keeps action-critical alternatives explicit until a physical observation collapses them.
52,doi:10.20944/preprints202512.1345.v1,SORT-AI: A Structural Safety and Reliability Framework for Advanced AI Systems with Retrieval-Augmented Generation as a Diagnostic Testbed,,,https://doi.org/10.20944/preprints202512.1345.v1,Addresses safe robot learning or a neighboring robotics mechanism.,"Prior work usually predicts, ranks, filters, or imitates observed behavior rather than preserving unrealized branches.",The observed outcome is enough to supervise the model.,"Contact mode support, embodiment limits, and deployment perturbations.","Branch collapse, hidden-mode shift, and tail-risk planning failures.",Generic world models and generic uncertainty are crowded.,Safety filter novelty boundaries keeps action-critical alternatives explicit until a physical observation collapses them.
53,doi:10.1109/tfuzz.2023.3309706,Safety-Critical Cooperative Target Enclosing Control of Autonomous Surface Vehicles Based on Finite-Time Fuzzy Predictors and Input-to-State Safe High-Order Control Barrier Functions,2024,IEEE Transactions on Fuzzy Systems,https://doi.org/10.1109/tfuzz.2023.3309706,Addresses safe robot learning or a neighboring robotics mechanism.,"Prior work usually predicts, ranks, filters, or imitates observed behavior rather than preserving unrealized branches.",The observed outcome is enough to supervise the model.,"Contact mode support, embodiment limits, and deployment perturbations.","Branch collapse, hidden-mode shift, and tail-risk planning failures.",Generic world models and generic uncertainty are crowded.,Safety filter novelty boundaries keeps action-critical alternatives explicit until a physical observation collapses them.
54,doi:10.3390/s26103140,Uncertainty-Calibrated Safety Gating for Vision–Language– Action Manipulation Under Domain Shift: Reliability Gains and Intervention–Efficiency Trade-Offs,2026,Sensors,https://doi.org/10.3390/s26103140,Addresses safe robot learning or a neighboring robotics mechanism.,"Prior work usually predicts, ranks, filters, or imitates observed behavior rather than preserving unrealized branches.",The observed outcome is enough to supervise the model.,"Contact mode support, embodiment limits, and deployment perturbations.","Branch collapse, hidden-mode shift, and tail-risk planning failures.",Generic world models and generic uncertainty are crowded.,Safety filter novelty boundaries keeps action-critical alternatives explicit until a physical observation collapses them.
55,doi:10.3390/act15020116,Risk-Aware Adaptive Safety Margins for Model Predictive Control with Orientation–Motion Coupled Barrier Functions in Dynamic Environments,2026,Actuators,https://doi.org/10.3390/act15020116,Addresses safe robot learning or a neighboring robotics mechanism.,"Prior work usually predicts, ranks, filters, or imitates observed behavior rather than preserving unrealized branches.",The observed outcome is enough to supervise the model.,"Contact mode support, embodiment limits, and deployment perturbations.","Branch collapse, hidden-mode shift, and tail-risk planning failures.",Generic world models and generic uncertainty are crowded.,Safety filter novelty boundaries keeps action-critical alternatives explicit until a physical observation collapses them.
56,doi:10.32388/2q3k8u,Balancing Safety and Educational Availability in a Large Language Model-Based Virtual Patient for Medical Interview Training: Robustness Evaluation Under Direct and Indirect Instructional Contamination,,,https://doi.org/10.32388/2q3k8u,Addresses safe robot learning or a neighboring robotics mechanism.,"Prior work usually predicts, ranks, filters, or imitates observed behavior rather than preserving unrealized branches.",The observed outcome is enough to supervise the model.,"Contact mode support, embodiment limits, and deployment perturbations.","Branch collapse, hidden-mode shift, and tail-risk planning failures.",Generic world models and generic uncertainty are crowded.,Safety filter novelty boundaries keeps action-critical alternatives explicit until a physical observation collapses them.
57,doi:10.3390/robotics14030026,Design of a Dual-Function Autonomous Disinfection Robot with Safety Filter-Based Motion Control,2025,Robotics,https://doi.org/10.3390/robotics14030026,Addresses safe robot learning or a neighboring robotics mechanism.,"Prior work usually predicts, ranks, filters, or imitates observed behavior rather than preserving unrealized branches.",The observed outcome is enough to supervise the model.,"Contact mode support, embodiment limits, and deployment perturbations.","Branch collapse, hidden-mode shift, and tail-risk planning failures.",Generic world models and generic uncertainty are crowded.,Safety filter novelty boundaries keeps action-critical alternatives explicit until a physical observation collapses them.
58,doi:10.4271/2024-01-4075,Safety-Regulated Reinforcement Learning Compensated Model Predictive Control for Ground Vehicles with Unknown Disturbances,2023,SAE Technical Paper Series,https://doi.org/10.4271/2024-01-4075,Addresses safe robot learning or a neighboring robotics mechanism.,"Prior work usually predicts, ranks, filters, or imitates observed behavior rather than preserving unrealized branches.",The observed outcome is enough to supervise the model.,"Contact mode support, embodiment limits, and deployment perturbations.","Branch collapse, hidden-mode shift, and tail-risk planning failures.",Generic world models and generic uncertainty are crowded.,Safety filter novelty boundaries keeps action-critical alternatives explicit until a physical observation collapses them.
59,arxiv:2506.14697v3,AGENTSAFE: Benchmarking the Safety of Embodied Agents on Hazardous Instructions,2025,arXiv,http://arxiv.org/abs/2506.14697v3,Addresses safe robot learning or a neighboring robotics mechanism.,"Prior work usually predicts, ranks, filters, or imitates observed behavior rather than preserving unrealized branches.",The observed outcome is enough to supervise the model.,"Contact mode support, embodiment limits, and deployment perturbations.","Branch collapse, hidden-mode shift, and tail-risk planning failures.",Generic world models and generic uncertainty are crowded.,Safety filter novelty boundaries keeps action-critical alternatives explicit until a physical observation collapses them.
60,doi:10.1145/3686811,Music Mode: Transforming Robot Movement into Music Increases Likability and Perceived Intelligence,2025,ACM Transactions on Human-Robot Interaction,https://doi.org/10.1145/3686811,Addresses safe robot learning or a neighboring robotics mechanism.,"Prior work usually predicts, ranks, filters, or imitates observed behavior rather than preserving unrealized branches.",The observed outcome is enough to supervise the model.,"Contact mode support, embodiment limits, and deployment perturbations.","Branch collapse, hidden-mode shift, and tail-risk planning failures.",Generic world models and generic uncertainty are crowded.,Safety filter novelty boundaries keeps action-critical alternatives explicit until a physical observation collapses them.
61,doi:10.48550/arxiv.2207.03830,Safe reinforcement learning for multi-energy management systems with known constraint functions,2022,arXiv (Cornell University),https://doi.org/10.48550/arxiv.2207.03830,Addresses safe robot learning or a neighboring robotics mechanism.,"Prior work usually predicts, ranks, filters, or imitates observed behavior rather than preserving unrealized branches.",The observed outcome is enough to supervise the model.,"Contact mode support, embodiment limits, and deployment perturbations.","Branch collapse, hidden-mode shift, and tail-risk planning failures.",Generic world models and generic uncertainty are crowded.,Safety filter novelty boundaries keeps action-critical alternatives explicit until a physical observation collapses them.
62,doi:10.1109/icra.2014.6907768,A passively safe and gravity-counterbalanced anthropomorphic robot arm,2014,,https://doi.org/10.1109/icra.2014.6907768,Addresses safe robot learning or a neighboring robotics mechanism.,"Prior work usually predicts, ranks, filters, or imitates observed behavior rather than preserving unrealized branches.",The observed outcome is enough to supervise the model.,"Contact mode support, embodiment limits, and deployment perturbations.","Branch collapse, hidden-mode shift, and tail-risk planning failures.",Generic world models and generic uncertainty are crowded.,Safety filter novelty boundaries keeps action-critical alternatives explicit until a physical observation collapses them.
63,doi:10.1115/dscc2014-6048,Control in a Safe Set: Addressing Safety in Human-Robot Interactions,2014,"Volume 3: Industrial Applications; Modeling for Oil and Gas, Control and Validation, Estimation, and Control of Automotive Systems; Multi-Agent and Networked Systems; Control System Design; Physical Human-Robot Interaction; Rehabilitation Robotics; Sensing and Actuation for Control; Biomedical Systems; Time Delay Systems and Stability; Unmanned Ground and Surface Robotics; Vehicle Motion Controls; Vibration Analysis and Isolation; Vibration and Control for Energy Harvesting; Wind Energy",https://doi.org/10.1115/dscc2014-6048,Addresses safe robot learning or a neighboring robotics mechanism.,"Prior work usually predicts, ranks, filters, or imitates observed behavior rather than preserving unrealized branches.",The observed outcome is enough to supervise the model.,"Contact mode support, embodiment limits, and deployment perturbations.","Branch collapse, hidden-mode shift, and tail-risk planning failures.",Generic world models and generic uncertainty are crowded.,Safety filter novelty boundaries keeps action-critical alternatives explicit until a physical observation collapses them.
64,doi:10.21595/jme.2024.23957,Gravity wharf failure mechanism and safety analysis considering the wave-structure-soft-soil-foundation interaction,2024,Journal of Measurements in Engineering,https://doi.org/10.21595/jme.2024.23957,Addresses safe robot learning or a neighboring robotics mechanism.,"Prior work usually predicts, ranks, filters, or imitates observed behavior rather than preserving unrealized branches.",The observed outcome is enough to supervise the model.,"Contact mode support, embodiment limits, and deployment perturbations.","Branch collapse, hidden-mode shift, and tail-risk planning failures.",Generic world models and generic uncertainty are crowded.,Safety filter novelty boundaries keeps action-critical alternatives explicit until a physical observation collapses them.
65,arxiv:2303.04569v1,Safe Machine-Learning-supported Model Predictive Force and Motion Control in Robotics,2023,arXiv,http://arxiv.org/abs/2303.04569v1,Addresses safe robot learning or a neighboring robotics mechanism.,"Prior work usually predicts, ranks, filters, or imitates observed behavior rather than preserving unrealized branches.",The observed outcome is enough to supervise the model.,"Contact mode support, embodiment limits, and deployment perturbations.","Branch collapse, hidden-mode shift, and tail-risk planning failures.",Generic world models and generic uncertainty are crowded.,Safety filter novelty boundaries keeps action-critical alternatives explicit until a physical observation collapses them.
66,arxiv:2310.00905v2,All Languages Matter: On the Multilingual Safety of Large Language Models,2023,arXiv,http://arxiv.org/abs/2310.00905v2,Addresses safe robot learning or a neighboring robotics mechanism.,"Prior work usually predicts, ranks, filters, or imitates observed behavior rather than preserving unrealized branches.",The observed outcome is enough to supervise the model.,"Contact mode support, embodiment limits, and deployment perturbations.","Branch collapse, hidden-mode shift, and tail-risk planning failures.",Generic world models and generic uncertainty are crowded.,Safety filter novelty boundaries keeps action-critical alternatives explicit until a physical observation collapses them.
67,doi:10.3389/fnbot.2022.890695,Dynamic Cloth Manipulation Considering Variable Stiffness and Material Change Using Deep Predictive Model With Parametric Bias,2022,Frontiers in Neurorobotics,https://doi.org/10.3389/fnbot.2022.890695,Addresses safe robot learning or a neighboring robotics mechanism.,"Prior work usually predicts, ranks, filters, or imitates observed behavior rather than preserving unrealized branches.",The observed outcome is enough to supervise the model.,"Contact mode support, embodiment limits, and deployment perturbations.","Branch collapse, hidden-mode shift, and tail-risk planning failures.",Generic world models and generic uncertainty are crowded.,Safety filter novelty boundaries keeps action-critical alternatives explicit until a physical observation collapses them.
68,doi:10.31224/6733,Graph-Fused Vision-Language-Action Models for Semantically Safe Dual-Robot Control via Control Barrier Functions,,,https://doi.org/10.31224/6733,Addresses safe robot learning or a neighboring robotics mechanism.,"Prior work usually predicts, ranks, filters, or imitates observed behavior rather than preserving unrealized branches.",The observed outcome is enough to supervise the model.,"Contact mode support, embodiment limits, and deployment perturbations.","Branch collapse, hidden-mode shift, and tail-risk planning failures.",Generic world models and generic uncertainty are crowded.,Safety filter novelty boundaries keeps action-critical alternatives explicit until a physical observation collapses them.
69,arxiv:2402.11871v6,From Real World to Logic and Back: Learning Generalizable Relational Concepts For Long Horizon Robot Planning,2024,arXiv,http://arxiv.org/abs/2402.11871v6,Addresses safe robot learning or a neighboring robotics mechanism.,"Prior work usually predicts, ranks, filters, or imitates observed behavior rather than preserving unrealized branches.",The observed outcome is enough to supervise the model.,"Contact mode support, embodiment limits, and deployment perturbations.","Branch collapse, hidden-mode shift, and tail-risk planning failures.",Generic world models and generic uncertainty are crowded.,Safety filter novelty boundaries keeps action-critical alternatives explicit until a physical observation collapses them.
70,doi:10.1109/icra57147.2024.10610418,How to Train Your Neural Control Barrier Function: Learning Safety Filters for Complex Input-Constrained Systems,2024,2024 IEEE International Conference on Robotics and Automation (ICRA),https://doi.org/10.1109/icra57147.2024.10610418,Addresses safe robot learning or a neighboring robotics mechanism.,"Prior work usually predicts, ranks, filters, or imitates observed behavior rather than preserving unrealized branches.",The observed outcome is enough to supervise the model.,"Contact mode support, embodiment limits, and deployment perturbations.","Branch collapse, hidden-mode shift, and tail-risk planning failures.",Generic world models and generic uncertainty are crowded.,Safety filter novelty boundaries keeps action-critical alternatives explicit until a physical observation collapses them.
71,doi:10.3390/s26010165,Cross-Modality Alignment Perception and Multi-Head Self-Attention Mechanism for Vision-Language-Action of Humanoid Robot,2025,Sensors,https://doi.org/10.3390/s26010165,Addresses safe robot learning or a neighboring robotics mechanism.,"Prior work usually predicts, ranks, filters, or imitates observed behavior rather than preserving unrealized branches.",The observed outcome is enough to supervise the model.,"Contact mode support, embodiment limits, and deployment perturbations.","Branch collapse, hidden-mode shift, and tail-risk planning failures.",Generic world models and generic uncertainty are crowded.,Safety filter novelty boundaries keeps action-critical alternatives explicit until a physical observation collapses them.
72,doi:10.1115/dscc2020-3253,Minimum Safety Distances for Emergency Braking Maneuvers in Car-Following Applications,2020,Volume 1: Adaptive/Intelligent Sys. Control; Driver Assistance/Autonomous Tech.; Control Design Methods; Nonlinear Control; Robotics; Assistive/Rehabilitation Devices; Biomedical/Neural Systems; Building Energy Systems; Connected Vehicle Systems; Control/Estimation of Energy Systems; Control Apps.; Smart Buildings/Microgrids; Education; Human-Robot Systems; Soft Mechatronics/Robotic Components/Systems; Energy/Power Systems; Energy Storage; Estimation/Identification; Vehicle Efficiency/Emissions,https://doi.org/10.1115/dscc2020-3253,Addresses safe robot learning or a neighboring robotics mechanism.,"Prior work usually predicts, ranks, filters, or imitates observed behavior rather than preserving unrealized branches.",The observed outcome is enough to supervise the model.,"Contact mode support, embodiment limits, and deployment perturbations.","Branch collapse, hidden-mode shift, and tail-risk planning failures.",Generic world models and generic uncertainty are crowded.,Safety filter novelty boundaries keeps action-critical alternatives explicit until a physical observation collapses them.
73,doi:10.3390/electronics14010154,KELLM: Knowledge-Enhanced Label-Wise Large Language Model for Safe and Interpretable Drug Recommendation,2025,Electronics,https://doi.org/10.3390/electronics14010154,Addresses safe robot learning or a neighboring robotics mechanism.,"Prior work usually predicts, ranks, filters, or imitates observed behavior rather than preserving unrealized branches.",The observed outcome is enough to supervise the model.,"Contact mode support, embodiment limits, and deployment perturbations.","Branch collapse, hidden-mode shift, and tail-risk planning failures.",Generic world models and generic uncertainty are crowded.,Safety filter novelty boundaries keeps action-critical alternatives explicit until a physical observation collapses them.
74,doi:10.23919/acc50511.2021.9482848,Rule-Based Safety-Critical Control Design using Control Barrier Functions with Application to Autonomous Lane Change,2021,2021 American Control Conference (ACC),https://doi.org/10.23919/acc50511.2021.9482848,Addresses safe robot learning or a neighboring robotics mechanism.,"Prior work usually predicts, ranks, filters, or imitates observed behavior rather than preserving unrealized branches.",The observed outcome is enough to supervise the model.,"Contact mode support, embodiment limits, and deployment perturbations.","Branch collapse, hidden-mode shift, and tail-risk planning failures.",Generic world models and generic uncertainty are crowded.,Safety filter novelty boundaries keeps action-critical alternatives explicit until a physical observation collapses them.
75,doi:10.1109/lcsys.2023.3285616,"Differentially Flat Learning-based Model Predictive Control Using a Stability, State, and Input Constraining Safety Filter",2023,arXiv,http://arxiv.org/abs/2307.10541v1,Addresses safe robot learning or a neighboring robotics mechanism.,"Prior work usually predicts, ranks, filters, or imitates observed behavior rather than preserving unrealized branches.",The observed outcome is enough to supervise the model.,"Contact mode support, embodiment limits, and deployment perturbations.","Branch collapse, hidden-mode shift, and tail-risk planning failures.",Generic world models and generic uncertainty are crowded.,Safety filter novelty boundaries keeps action-critical alternatives explicit until a physical observation collapses them.
76,doi:10.1523/jneurosci.5792-11.2012,Muscle Coordination Is Habitual Rather than Optimal,2012,Journal of Neuroscience,https://doi.org/10.1523/jneurosci.5792-11.2012,Addresses safe robot learning or a neighboring robotics mechanism.,"Prior work usually predicts, ranks, filters, or imitates observed behavior rather than preserving unrealized branches.",The observed outcome is enough to supervise the model.,"Contact mode support, embodiment limits, and deployment perturbations.","Branch collapse, hidden-mode shift, and tail-risk planning failures.",Generic world models and generic uncertainty are crowded.,Safety filter novelty boundaries keeps action-critical alternatives explicit until a physical observation collapses them.
77,doi:10.1007/s10846-023-01962-8,Safe Feedback Motion Planning in Unknown Environments: An Instantaneous Local Control Barrier Function Approach,2023,Journal of Intelligent & Robotic Systems,https://doi.org/10.1007/s10846-023-01962-8,Addresses safe robot learning or a neighboring robotics mechanism.,"Prior work usually predicts, ranks, filters, or imitates observed behavior rather than preserving unrealized branches.",The observed outcome is enough to supervise the model.,"Contact mode support, embodiment limits, and deployment perturbations.","Branch collapse, hidden-mode shift, and tail-risk planning failures.",Generic world models and generic uncertainty are crowded.,Safety filter novelty boundaries keeps action-critical alternatives explicit until a physical observation collapses them.
78,doi:10.1109/icra48506.2021.9561843,Limits of Probabilistic Safety Guarantees when Considering Human Uncertainty,2021,2021 IEEE International Conference on Robotics and Automation (ICRA),https://doi.org/10.1109/icra48506.2021.9561843,Addresses safe robot learning or a neighboring robotics mechanism.,"Prior work usually predicts, ranks, filters, or imitates observed behavior rather than preserving unrealized branches.",The observed outcome is enough to supervise the model.,"Contact mode support, embodiment limits, and deployment perturbations.","Branch collapse, hidden-mode shift, and tail-risk planning failures.",Generic world models and generic uncertainty are crowded.,Safety filter novelty boundaries keeps action-critical alternatives explicit until a physical observation collapses them.
79,doi:10.1177/00438200221094588,FROM OLIGARCHS TO OLIGARCHY,2022,World Affairs,https://doi.org/10.1177/00438200221094588,Addresses safe robot learning or a neighboring robotics mechanism.,"Prior work usually predicts, ranks, filters, or imitates observed behavior rather than preserving unrealized branches.",The observed outcome is enough to supervise the model.,"Contact mode support, embodiment limits, and deployment perturbations.","Branch collapse, hidden-mode shift, and tail-risk planning failures.",Generic world models and generic uncertainty are crowded.,Safety filter novelty boundaries keeps action-critical alternatives explicit until a physical observation collapses them.
80,doi:10.1016/j.birob.2024.100206,A hybrid artificial bee colony algorithm with genetic augmented exploration mechanism toward safe and smooth path planning for mobile robot,2025,Biomimetic Intelligence and Robotics,https://doi.org/10.1016/j.birob.2024.100206,Addresses safe robot learning or a neighboring robotics mechanism.,"Prior work usually predicts, ranks, filters, or imitates observed behavior rather than preserving unrealized branches.",The observed outcome is enough to supervise the model.,"Contact mode support, embodiment limits, and deployment perturbations.","Branch collapse, hidden-mode shift, and tail-risk planning failures.",Generic world models and generic uncertainty are crowded.,Safety filter novelty boundaries keeps action-critical alternatives explicit until a physical observation collapses them.
81,doi:10.2139/ssrn.6326519,Guardrail Shadow Effects in Retrieval-Augmented Systems (Safety Layers Distorting RAG Outputs),,,https://doi.org/10.2139/ssrn.6326519,Addresses safe robot learning or a neighboring robotics mechanism.,"Prior work usually predicts, ranks, filters, or imitates observed behavior rather than preserving unrealized branches.",The observed outcome is enough to supervise the model.,"Contact mode support, embodiment limits, and deployment perturbations.","Branch collapse, hidden-mode shift, and tail-risk planning failures.",Generic world models and generic uncertainty are crowded.,Safety filter novelty boundaries keeps action-critical alternatives explicit until a physical observation collapses them.
82,doi:10.1109/lcsys.2020.3005101,Safety-Critical Event Triggered Control via Input-to-State Safe Barrier Functions,2021,IEEE Control Systems Letters,https://doi.org/10.1109/lcsys.2020.3005101,Addresses safe robot learning or a neighboring robotics mechanism.,"Prior work usually predicts, ranks, filters, or imitates observed behavior rather than preserving unrealized branches.",The observed outcome is enough to supervise the model.,"Contact mode support, embodiment limits, and deployment perturbations.","Branch collapse, hidden-mode shift, and tail-risk planning failures.",Generic world models and generic uncertainty are crowded.,Safety filter novelty boundaries keeps action-critical alternatives explicit until a physical observation collapses them.
83,doi:10.1049/sil2.12044,A new adaptive fuzzy hybrid unscented Kalman/H‐infinity filter for state estimating dynamical systems,2021,IET Signal Processing,https://doi.org/10.1049/sil2.12044,Addresses safe robot learning or a neighboring robotics mechanism.,"Prior work usually predicts, ranks, filters, or imitates observed behavior rather than preserving unrealized branches.",The observed outcome is enough to supervise the model.,"Contact mode support, embodiment limits, and deployment perturbations.","Branch collapse, hidden-mode shift, and tail-risk planning failures.",Generic world models and generic uncertainty are crowded.,Safety filter novelty boundaries keeps action-critical alternatives explicit until a physical observation collapses them.
84,doi:10.1109/lra.2021.3097073,A Predictive Safety Filter for Learning-Based Racing Control,2021,IEEE Robotics and Automation Letters,https://doi.org/10.1109/lra.2021.3097073,Addresses safe robot learning or a neighboring robotics mechanism.,"Prior work usually predicts, ranks, filters, or imitates observed behavior rather than preserving unrealized branches.",The observed outcome is enough to supervise the model.,"Contact mode support, embodiment limits, and deployment perturbations.","Branch collapse, hidden-mode shift, and tail-risk planning failures.",Generic world models and generic uncertainty are crowded.,Safety filter novelty boundaries keeps action-critical alternatives explicit until a physical observation collapses them.
85,doi:10.54254/2755-2721/2025.ast27134,Integrating Motion Planning in Vision Language Action Agents,2025,Applied and Computational Engineering,https://doi.org/10.54254/2755-2721/2025.ast27134,Addresses safe robot learning or a neighboring robotics mechanism.,"Prior work usually predicts, ranks, filters, or imitates observed behavior rather than preserving unrealized branches.",The observed outcome is enough to supervise the model.,"Contact mode support, embodiment limits, and deployment perturbations.","Branch collapse, hidden-mode shift, and tail-risk planning failures.",Generic world models and generic uncertainty are crowded.,Safety filter novelty boundaries keeps action-critical alternatives explicit until a physical observation collapses them.
86,doi:10.66967/jaics.2026.v2i103,Multimodal AI: PaLM-E’s Role in Vision–Language–Robotics & the Future of Efficient Fine-Tuning,2026,Journal of Artificial Intelligence & Control Systems,https://doi.org/10.66967/jaics.2026.v2i103,Addresses safe robot learning or a neighboring robotics mechanism.,"Prior work usually predicts, ranks, filters, or imitates observed behavior rather than preserving unrealized branches.",The observed outcome is enough to supervise the model.,"Contact mode support, embodiment limits, and deployment perturbations.","Branch collapse, hidden-mode shift, and tail-risk planning failures.",Generic world models and generic uncertainty are crowded.,Safety filter novelty boundaries keeps action-critical alternatives explicit until a physical observation collapses them.
87,doi:10.1109/cdc42340.2020.9304395,Safe Multi-Agent Interaction through Robust Control Barrier Functions with Learned Uncertainties,2020,2020 59th IEEE Conference on Decision and Control (CDC),https://doi.org/10.1109/cdc42340.2020.9304395,Addresses safe robot learning or a neighboring robotics mechanism.,"Prior work usually predicts, ranks, filters, or imitates observed behavior rather than preserving unrealized branches.",The observed outcome is enough to supervise the model.,"Contact mode support, embodiment limits, and deployment perturbations.","Branch collapse, hidden-mode shift, and tail-risk planning failures.",Generic world models and generic uncertainty are crowded.,Safety filter novelty boundaries keeps action-critical alternatives explicit until a physical observation collapses them.
88,doi:10.64898/2026.05.29.26354437,Operationalizing Eight-Dimensional Patient-Safety Risk Scoring at Scale: A Multi-Model Large Language Model Reliability Study,,,https://doi.org/10.64898/2026.05.29.26354437,Addresses safe robot learning or a neighboring robotics mechanism.,"Prior work usually predicts, ranks, filters, or imitates observed behavior rather than preserving unrealized branches.",The observed outcome is enough to supervise the model.,"Contact mode support, embodiment limits, and deployment perturbations.","Branch collapse, hidden-mode shift, and tail-risk planning failures.",Generic world models and generic uncertainty are crowded.,Safety filter novelty boundaries keeps action-critical alternatives explicit until a physical observation collapses them.
89,doi:10.2139/ssrn.6572190,CI-DPPO: A Cascade-Inspired Dynamic PPO Framework for Efficientand Safe Robotic Motion Planning,,,https://doi.org/10.2139/ssrn.6572190,Addresses safe robot learning or a neighboring robotics mechanism.,"Prior work usually predicts, ranks, filters, or imitates observed behavior rather than preserving unrealized branches.",The observed outcome is enough to supervise the model.,"Contact mode support, embodiment limits, and deployment perturbations.","Branch collapse, hidden-mode shift, and tail-risk planning failures.",Generic world models and generic uncertainty are crowded.,Safety filter novelty boundaries keeps action-critical alternatives explicit until a physical observation collapses them.
90,doi:10.1016/j.isatra.2024.08.030,Safety-critical event-triggered control of nonlinear systems with tunable input-to-state safe barrier functions,2024,ISA Transactions,https://doi.org/10.1016/j.isatra.2024.08.030,Addresses safe robot learning or a neighboring robotics mechanism.,"Prior work usually predicts, ranks, filters, or imitates observed behavior rather than preserving unrealized branches.",The observed outcome is enough to supervise the model.,"Contact mode support, embodiment limits, and deployment perturbations.","Branch collapse, hidden-mode shift, and tail-risk planning failures.",Generic world models and generic uncertainty are crowded.,Safety filter novelty boundaries keeps action-critical alternatives explicit until a physical observation collapses them.
91,doi:10.1145/3805712.3809722,When to Retrieve During Reasoning: Adaptive Retrieval for Large Reasoning Models,2026,arXiv,http://arxiv.org/abs/2604.26649v1,Addresses safe robot learning or a neighboring robotics mechanism.,"Prior work usually predicts, ranks, filters, or imitates observed behavior rather than preserving unrealized branches.",The observed outcome is enough to supervise the model.,"Contact mode support, embodiment limits, and deployment perturbations.","Branch collapse, hidden-mode shift, and tail-risk planning failures.",Generic world models and generic uncertainty are crowded.,Safety filter novelty boundaries keeps action-critical alternatives explicit until a physical observation collapses them.
92,doi:10.1109/itsc60802.2025.11423203,A Real-Time Control Barrier Function-Based Safety Filter for Motion Planning with Arbitrary Road Boundary Constraints,2025,2025 IEEE 28th International Conference on Intelligent Transportation Systems (ITSC),https://doi.org/10.1109/itsc60802.2025.11423203,Addresses safe robot learning or a neighboring robotics mechanism.,"Prior work usually predicts, ranks, filters, or imitates observed behavior rather than preserving unrealized branches.",The observed outcome is enough to supervise the model.,"Contact mode support, embodiment limits, and deployment perturbations.","Branch collapse, hidden-mode shift, and tail-risk planning failures.",Generic world models and generic uncertainty are crowded.,Safety filter novelty boundaries keeps action-critical alternatives explicit until a physical observation collapses them.
93,doi:10.1108/ir-05-2022-0130,Enhanced DWA algorithm for local path planning of mobile robot,2023,Industrial Robot: the international journal of robotics research and application,https://doi.org/10.1108/ir-05-2022-0130,Addresses safe robot learning or a neighboring robotics mechanism.,"Prior work usually predicts, ranks, filters, or imitates observed behavior rather than preserving unrealized branches.",The observed outcome is enough to supervise the model.,"Contact mode support, embodiment limits, and deployment perturbations.","Branch collapse, hidden-mode shift, and tail-risk planning failures.",Generic world models and generic uncertainty are crowded.,Safety filter novelty boundaries keeps action-critical alternatives explicit until a physical observation collapses them.
94,doi:10.48550/arxiv.2310.03693,"Fine-tuning Aligned Language Models Compromises Safety, Even When Users Do Not Intend To!",2023,arXiv (Cornell University),https://doi.org/10.48550/arxiv.2310.03693,Addresses safe robot learning or a neighboring robotics mechanism.,"Prior work usually predicts, ranks, filters, or imitates observed behavior rather than preserving unrealized branches.",The observed outcome is enough to supervise the model.,"Contact mode support, embodiment limits, and deployment perturbations.","Branch collapse, hidden-mode shift, and tail-risk planning failures.",Generic world models and generic uncertainty are crowded.,Safety filter novelty boundaries keeps action-critical alternatives explicit until a physical observation collapses them.
95,doi:10.5194/bg-20-3119-2023,Potassium limitation of forest productivity – Part 2: CASTANEA-MAESPA-K shows a reduction in photosynthesis rather than a stoichiometric limitation of tissue formation,2023,Biogeosciences,https://doi.org/10.5194/bg-20-3119-2023,Addresses safe robot learning or a neighboring robotics mechanism.,"Prior work usually predicts, ranks, filters, or imitates observed behavior rather than preserving unrealized branches.",The observed outcome is enough to supervise the model.,"Contact mode support, embodiment limits, and deployment perturbations.","Branch collapse, hidden-mode shift, and tail-risk planning failures.",Generic world models and generic uncertainty are crowded.,Safety filter novelty boundaries keeps action-critical alternatives explicit until a physical observation collapses them.
96,doi:10.1109/lra.2021.3068889,Planning With Learned Dynamics: Probabilistic Guarantees on Safety and Reachability via Lipschitz Constants,2021,IEEE Robotics and Automation Letters,https://doi.org/10.1109/lra.2021.3068889,Addresses safe robot learning or a neighboring robotics mechanism.,"Prior work usually predicts, ranks, filters, or imitates observed behavior rather than preserving unrealized branches.",The observed outcome is enough to supervise the model.,"Contact mode support, embodiment limits, and deployment perturbations.","Branch collapse, hidden-mode shift, and tail-risk planning failures.",Generic world models and generic uncertainty are crowded.,Safety filter novelty boundaries keeps action-critical alternatives explicit until a physical observation collapses them.
97,arxiv:2605.19209v1,Graph Neural Planning and Predictive Control for Multi-Robot Communication-Constrained Unlabeled Motion Planning,2026,arXiv,http://arxiv.org/abs/2605.19209v1,Addresses safe robot learning or a neighboring robotics mechanism.,"Prior work usually predicts, ranks, filters, or imitates observed behavior rather than preserving unrealized branches.",The observed outcome is enough to supervise the model.,"Contact mode support, embodiment limits, and deployment perturbations.","Branch collapse, hidden-mode shift, and tail-risk planning failures.",Generic world models and generic uncertainty are crowded.,Safety filter novelty boundaries keeps action-critical alternatives explicit until a physical observation collapses them.
98,doi:10.5402/2013/541643,New Volume Change Mechanism Using Metal Bellows for Buoyancy Control Device of Underwater Robots,2013,ISRN Robotics,https://doi.org/10.5402/2013/541643,Addresses safe robot learning or a neighboring robotics mechanism.,"Prior work usually predicts, ranks, filters, or imitates observed behavior rather than preserving unrealized branches.",The observed outcome is enough to supervise the model.,"Contact mode support, embodiment limits, and deployment perturbations.","Branch collapse, hidden-mode shift, and tail-risk planning failures.",Generic world models and generic uncertainty are crowded.,Safety filter novelty boundaries keeps action-critical alternatives explicit until a physical observation collapses them.
99,arxiv:2311.13714v1,"Learning Safe Control for Multi-Robot Systems: Methods, Verification, and Open Challenges",2023,arXiv,http://arxiv.org/abs/2311.13714v1,Addresses safe robot learning or a neighboring robotics mechanism.,"Prior work usually predicts, ranks, filters, or imitates observed behavior rather than preserving unrealized branches.",The observed outcome is enough to supervise the model.,"Contact mode support, embodiment limits, and deployment perturbations.","Branch collapse, hidden-mode shift, and tail-risk planning failures.",Generic world models and generic uncertainty are crowded.,Safety filter novelty boundaries keeps action-critical alternatives explicit until a physical observation collapses them.
100,arxiv:1806.00109v1,Probabilistically Safe Robot Planning with Confidence-Based Human Predictions,2018,arXiv,http://arxiv.org/abs/1806.00109v1,Addresses safe robot learning or a neighboring robotics mechanism.,"Prior work usually predicts, ranks, filters, or imitates observed behavior rather than preserving unrealized branches.",The observed outcome is enough to supervise the model.,"Contact mode support, embodiment limits, and deployment perturbations.","Branch collapse, hidden-mode shift, and tail-risk planning failures.",Generic world models and generic uncertainty are crowded.,Safety filter novelty boundaries keeps action-critical alternatives explicit until a physical observation collapses them.
